,Activation,Activation_out,Inputs,Layer_1,Layer_2,Layer_3,Layer_4,Layer_5,Layer_6,Layer_7,Layer_out,Loss,Accuracy,MSE,Epochs
0,relu,sigmoid,16.0,8.0,4.0,0.0,0.0,0.0,0.0,0.0,1.0,-363.71148681640625,0.17427386343479156,0.0,50.0
1,relu,sigmoid,16.0,16.0,0.0,0.0,0.0,0.0,0.0,0.0,1.0,-47.74424362182617,0.17427386343479156,0.0,50.0
2,relu,sigmoid,16.0,16.0,0.0,0.0,0.0,0.0,0.0,0.0,1.0,0.5067480802536011,0.0,0.5067480802536011,50.0
3,relu,sigmoid,16.0,32.0,16.0,4.0,0.0,0.0,0.0,0.0,1.0,-22032.833984375,0.17427386343479156,0.0,50.0
4,softmax,linear,16.0,16.0,32.0,4.0,0.0,0.0,0.0,0.0,1.0,-6.875557545527045e-08,0.17427386343479156,0.0,50.0
5,relu+softmax,linear,16.0,16.0,32.0,4.0,0.0,0.0,0.0,0.0,1.0,0.511197030544281,0.0,0.511197030544281,50.0
6,relu,linear,16.0,8.0,16.0,32.0,0.0,0.0,0.0,0.0,1.0,0.6260900497436523,0.0,0.6260900497436523,50.0
7,relu,sigmoid,16.0,70.0,30.0,4.0,0.0,0.0,0.0,0.0,1.0,0.8260758519172668,0.0,0.8260758519172668,50.0
8,relu,sigmoid,16.0,80.0,40.0,20.0,10.0,5.0,0.0,0.0,1.0,0.8257464170455933,0.0,0.8257464170455933,50.0
9,relu,sigmoid,16.0,80.0,40.0,20.0,10.0,5.0,0.0,0.0,1.0,0.8233470320701599,0.0,0.8233470320701599,50.0
10,relu,sigmoid,16.0,80.0,100.0,70.0,40.0,20.0,10.0,5.0,1.0,-0.32792970538139343,0.17427386343479156,0.0,50.0
11,relu,sigmoid,16.0,80.0,100.0,70.0,40.0,20.0,10.0,5.0,1.0,-2.9917919635772705,0.17427386343479156,0.0,200.0
