,Activation,Activation_out,Inputs,Layer_1,Layer_2,Layer_3,Layer_4,Layer_5,Layer_6,Layer_7,Layer_out,Loss,Accuracy,MSE,Epochs
0,relu,sigmoid,16.0,8.0,4.0,0.0,0.0,0.0,0.0,0.0,1.0,-212.45062255859375,0.15352697670459747,0.0,50.0
1,relu,sigmoid,16.0,16.0,0.0,0.0,0.0,0.0,0.0,0.0,1.0,-93.55643463134766,0.15352697670459747,0.0,50.0
2,relu,sigmoid,16.0,16.0,0.0,0.0,0.0,0.0,0.0,0.0,1.0,0.36097952723503113,0.0,0.36097952723503113,50.0
3,relu,sigmoid,16.0,32.0,16.0,4.0,0.0,0.0,0.0,0.0,1.0,-83173.0390625,0.15352697670459747,0.0,50.0
4,softmax,linear,16.0,16.0,32.0,4.0,0.0,0.0,0.0,0.0,1.0,-8.80467041497468e-08,0.05394190922379494,0.0,50.0
5,relu+softmax,linear,16.0,16.0,32.0,4.0,0.0,0.0,0.0,0.0,1.0,0.3550533056259155,0.0,0.3550533056259155,50.0
6,relu,linear,16.0,8.0,16.0,32.0,0.0,0.0,0.0,0.0,1.0,0.3429288864135742,0.0,0.3429288864135742,50.0
7,relu,sigmoid,16.0,70.0,30.0,4.0,0.0,0.0,0.0,0.0,1.0,0.8466765284538269,0.0,0.8466765284538269,50.0
8,relu,sigmoid,16.0,80.0,40.0,20.0,10.0,5.0,0.0,0.0,1.0,0.8464944362640381,0.0,0.8464944362640381,50.0
9,relu,sigmoid,16.0,80.0,40.0,20.0,10.0,5.0,0.0,0.0,1.0,0.4575918912887573,0.0,0.4575918912887573,50.0
10,relu,sigmoid,16.0,80.0,100.0,70.0,40.0,20.0,10.0,5.0,1.0,-0.5140143632888794,0.15352697670459747,0.0,50.0
11,relu,sigmoid,16.0,80.0,100.0,70.0,40.0,20.0,10.0,5.0,1.0,-3.916856050491333,0.15352697670459747,0.0,200.0
